{"cameraMode":{"drawMode":0,"name":"Shaded","section":"Shading Mode"},"sceneLighting":true,"audioPlay":false,"sceneViewState":{"showFog":true,"showMaterialUpdate":false,"showSkybox":true,"showFlares":true,"showImageEffects":true,"showParticleSystems":true,"showVisualEffectGraphs":true,"m_FxEnabled":true},"in2DMode":false,"pivot":{"x":-1.812587857246399,"y":0.7634928226470947,"z":-5.966202259063721},"rotation":{"x":0.016999326646327974,"y":-0.9756178855895996,"z":0.20332357287406922,"w":0.07918489724397659},"size":1.9600181579589844,"orthographic":false}