{"cameraMode":{"drawMode":0,"name":"Shaded","section":"Shading Mode"},"sceneLighting":true,"audioPlay":false,"sceneViewState":{"showFog":true,"showMaterialUpdate":false,"showSkybox":true,"showFlares":true,"showImageEffects":true,"showParticleSystems":true,"showVisualEffectGraphs":true,"m_FxEnabled":true},"in2DMode":false,"pivot":{"x":23.666278839111329,"y":6.932674407958984,"z":19.58663558959961},"rotation":{"x":-0.06299328058958054,"y":0.49236005544662478,"z":-0.035759180784225467,"w":-0.8673612475395203},"size":0.8660253882408142,"orthographic":false}