{"cameraMode":{"drawMode":0,"name":"Shaded","section":"Shading Mode"},"sceneLighting":true,"audioPlay":false,"sceneViewState":{"showFog":true,"showMaterialUpdate":false,"showSkybox":true,"showFlares":true,"showImageEffects":true,"showParticleSystems":true,"showVisualEffectGraphs":true,"m_FxEnabled":true},"in2DMode":false,"pivot":{"x":15.61375904083252,"y":3.3655827045440676,"z":6.441849708557129},"rotation":{"x":0.0006145447841845453,"y":-0.26561102271080019,"z":0.00036281655775383115,"w":-0.9639221429824829},"size":7.932565689086914,"orthographic":false}